{
  "group_id": "g6",
  "profile_code": "GOAT_SMALL_RUMINANT_PREGNANT",
  "match_reason": "small ruminant: Late pregnancy",
  "head_count": 22,
  "required": {
    "dry_matter_kg": 48.400000000000006,
    "protein_kg": 7.744000000000001,
    "energy_mj": 303.59999999999997
  },
  "plan": {
    "dry_matter_kg": 54.20799948,
    "protein_kg": 8.673280470000002,
    "energy_mj": 340.03199563
  },
  "current": {
    "dry_matter_kg": 43.56000000000001,
    "protein_kg": 6.969600000000001,
    "energy_mj": 273.23999999999995
  },
  "optimizer_pass": "complete",
  "nutrient_gaps": [
    {
      "nutrient": "phosphorus",
      "target": 99,
      "actual": 94.8395348,
      "unit": "g/day",
      "percent_of_target": 0.957975098989899,
      "shortfall": 4.160465200000004,
      "bridge_note": "Cover with market concentrates, mineral premixes, or local supplements as needed."
    }
  ],
  "catalog_achievement": {
    "primary_min_ratio": 1.1199999856060605,
    "nutrient_floor_used": 0.95,
    "needs_market_supplement": true
  },
  "recommendation": {
    "solution": {
      "Steamed Barley Flakes": 13.500186,
      "Wheat Straw": 40.512499,
      "Salt": 0.933922,
      "Urea": 2.101726,
      "Ponicum (Hay)": 3.370387
    },
    "totals": {
      "dryMatterKg": 54.20799948,
      "proteinKg": 8.673280470000002,
      "tdnKg": 29.56799962,
      "calciumG": 147.8399981,
      "phosphorusG": 94.8395348
    },
    "cost_per_day": 101.15,
    "cost_currency": "SAR",
    "constraints": {
      "dryMatterKg": {
        "min": 45.980000000000004,
        "max": 54.20800000000001
      },
      "proteinKg": {
        "min": 7.356800000000001,
        "max": 8.673280000000002
      },
      "tdnKg": {
        "min": 25.08,
        "max": 29.568
      },
      "calciumG": {
        "min": 0.1254,
        "max": 0.14784000000000003
      },
      "phosphorusG": {
        "min": 0.09405,
        "max": 0.11088000000000002
      },
      "fodderDmMinRatio": 0.30250000000000005,
      "concentrateDmMaxRatio": 0.42560000000000003,
      "additiveDmMaxRatio": 0.05600000000000001,
      "nutrientFloorUsed": 0.95
    }
  },
  "eligible_count": 60,
  "feed_lines": [
    {
      "product_number": 1039,
      "name": "Wheat Straw",
      "kg_per_day": 40.512499,
      "cost_per_day": 67.82400014184346,
      "feed_type": "FODDER"
    },
    {
      "product_number": 1018,
      "name": "Steamed Barley Flakes",
      "kg_per_day": 13.500186,
      "cost_per_day": 22.60133637223695,
      "feed_type": "CONCENTRATE"
    },
    {
      "product_number": 1072,
      "name": "Ponicum (Hay)",
      "kg_per_day": 3.370387,
      "cost_per_day": 5.642533391141024,
      "feed_type": "FODDER"
    },
    {
      "product_number": 1047,
      "name": "Urea",
      "kg_per_day": 2.101726,
      "cost_per_day": 3.5186045798388323,
      "feed_type": "ADDITIVE"
    },
    {
      "product_number": 1045,
      "name": "Salt",
      "kg_per_day": 0.933922,
      "cost_per_day": 1.5635255149397407,
      "feed_type": "ADDITIVE"
    }
  ]
}
