{
  "group_id": "g7",
  "profile_code": "GOAT_SMALL_RUMINANT_FATTENING",
  "match_reason": "small ruminant: Fattening",
  "head_count": 26,
  "required": {
    "dry_matter_kg": 76.69999999999999,
    "protein_kg": 11.7,
    "energy_mj": 418.59999999999997
  },
  "plan": {
    "dry_matter_kg": 81.69333664,
    "protein_kg": 13.103998990000001,
    "energy_mj": 468.831995975
  },
  "current": {
    "dry_matter_kg": 65.195,
    "protein_kg": 9.944999999999999,
    "energy_mj": 355.80999999999995
  },
  "optimizer_pass": "complete",
  "nutrient_gaps": [
    {
      "nutrient": "phosphorus",
      "target": 104,
      "actual": 98.799996,
      "unit": "g/day",
      "percent_of_target": 0.9499999615384614,
      "shortfall": 5.200004000000007,
      "bridge_note": "Cover with market concentrates, mineral premixes, or local supplements as needed."
    }
  ],
  "catalog_achievement": {
    "primary_min_ratio": 1.0651021726205998,
    "nutrient_floor_used": 0.95,
    "needs_market_supplement": true
  },
  "recommendation": {
    "solution": {
      "Sesame seed husk": 35.552843,
      "Wheat Straw": 49.29102,
      "Salt": 1.574338,
      "Urea": 3.000489,
      "Cottonseed Meal": 0.852846
    },
    "totals": {
      "dryMatterKg": 81.69333664,
      "proteinKg": 13.103998990000001,
      "tdnKg": 40.76799965,
      "calciumG": 189.279999,
      "phosphorusG": 98.799996
    },
    "cost_per_day": 320.71,
    "cost_currency": "SAR",
    "constraints": {
      "dryMatterKg": {
        "min": 72.86499999999998,
        "max": 85.904
      },
      "proteinKg": {
        "min": 11.114999999999998,
        "max": 13.104000000000001
      },
      "tdnKg": {
        "min": 34.58,
        "max": 40.768
      },
      "calciumG": {
        "min": 0.16055,
        "max": 0.18928000000000003
      },
      "phosphorusG": {
        "min": 0.09879999999999999,
        "max": 0.11648
      },
      "fodderDmMinRatio": 0.24750000000000003,
      "concentrateDmMaxRatio": 0.56,
      "additiveDmMaxRatio": 0.05600000000000001,
      "nutrientFloorUsed": 0.95
    }
  },
  "eligible_count": 59,
  "feed_lines": [
    {
      "product_number": 1039,
      "name": "Wheat Straw",
      "kg_per_day": 49.29102,
      "cost_per_day": 175.1174702976141,
      "feed_type": "FODDER"
    },
    {
      "product_number": 1020,
      "name": "Sesame seed husk",
      "kg_per_day": 35.552843,
      "cost_per_day": 126.30949670037741,
      "feed_type": "CONCENTRATE"
    },
    {
      "product_number": 1047,
      "name": "Urea",
      "kg_per_day": 3.000489,
      "cost_per_day": 10.659914185906839,
      "feed_type": "ADDITIVE"
    },
    {
      "product_number": 1045,
      "name": "Salt",
      "kg_per_day": 1.574338,
      "cost_per_day": 5.593190969742666,
      "feed_type": "ADDITIVE"
    },
    {
      "product_number": 1058,
      "name": "Cottonseed Meal",
      "kg_per_day": 0.852846,
      "cost_per_day": 3.029927846359012,
      "feed_type": "CONCENTRATE"
    }
  ]
}
